MATCH UP,SEASON,DATE,TEAM,OPPONENT,HOME/AWAY,RESULT,MIN,PTS,FGM,FGA,FG_PCT,3PM,3PA,3P_PCT,FTM,FTA,FT_PCT,OREB,DREB,REB,AST,STL,BLK,TOV,PF,PlusMinus
"Jun 05, 2015 - WAS @ CON",2015,06/05/2015,WAS,CON,Away,W,16,3,1,4,25,0,2,0,1,2,50,0,4,4,3,0,1,0,2,-6
"Jun 06, 2015 - WAS vs. NYL",2015,06/06/2015,WAS,NYL,Home,W,15,7,2,7,28.6,1,3,33.3,2,3,66.7,0,2,2,3,0,0,3,1,3
"Jun 12, 2015 - WAS vs. ATL",2015,06/12/2015,WAS,ATL,Home,L,30,4,1,8,12.5,1,1,100,1,2,50,0,3,3,4,1,1,3,2,-4
"Jun 14, 2015 - WAS @ NYL",2015,06/14/2015,WAS,NYL,Away,W,15,0,0,1,0,0,1,0,0,2,0,0,2,2,3,0,0,2,5,-16
"Jun 19, 2015 - WAS vs. TUL",2015,06/19/2015,WAS,TUL,Home,L,11,0,0,2,0,0,1,0,0,0,0,0,0,0,3,2,0,1,1,3
"Jun 20, 2015 - WAS @ IND",2015,06/20/2015,WAS,IND,Away,W,21,9,3,6,50,1,2,50,2,3,66.7,1,4,5,4,1,0,3,0,9
"Jun 23, 2015 - WAS vs. LAS",2015,06/23/2015,WAS,LAS,Home,W,13,6,1,2,50,0,0,0,4,4,100,0,3,3,2,1,0,1,2,-1
"Jun 26, 2015 - WAS @ ATL",2015,06/26/2015,WAS,ATL,Away,L,13,0,0,1,0,0,0,0,0,0,0,0,0,0,1,0,0,0,0,-7
"Jun 28, 2015 - WAS vs. CHI",2015,06/28/2015,WAS,CHI,Home,W,13,2,1,4,25,0,1,0,0,0,0,0,4,4,2,1,0,0,3,-8
"Jul 02, 2015 - WAS @ IND",2015,07/02/2015,WAS,IND,Away,L,11,2,1,2,50,0,1,0,0,0,0,1,1,2,0,0,0,1,1,-11
"Jul 09, 2015 - WAS vs. NYL",2015,07/09/2015,WAS,NYL,Home,L,11,2,1,3,33.3,0,0,0,0,0,0,2,0,2,2,1,0,1,0,6
"Jul 15, 2015 - WAS @ CHI",2015,07/14/2015,WAS,CHI,Away,L,16,0,0,4,0,0,1,0,0,0,0,0,3,3,0,1,0,1,1,-3
"Jul 17, 2015 - WAS vs. IND",2015,07/17/2015,WAS,IND,Home,W,15,5,2,3,66.7,1,1,100,0,0,0,0,3,3,3,2,0,0,3,10
"Jul 19, 2015 - WAS vs. CON",2015,07/19/2015,WAS,CON,Home,W,32,7,2,5,40,0,1,0,3,6,50,0,4,4,3,2,0,3,1,17
"Jul 21, 2015 - WAS @ TUL",2015,07/21/2015,WAS,TUL,Away,W,19,6,1,3,33.3,1,2,50,3,4,75,0,4,4,5,1,0,0,3,7
"Jul 29, 2015 - WAS vs. SEA",2015,07/29/2015,WAS,SEA,Home,W,13,2,1,3,33.3,0,1,0,0,0,0,1,0,1,2,1,1,1,0,4
"Jul 31, 2015 - WAS @ SAN",2015,07/31/2015,WAS,SAN,Away,W,28,6,2,3,66.7,1,1,100,1,1,100,1,3,4,7,2,0,1,0,30
"Aug 02, 2015 - WAS @ CHI",2015,08/02/2015,WAS,CHI,Away,L,33,3,1,4,25,1,2,50,0,0,0,0,1,1,8,1,0,0,1,0
"Aug 05, 2015 - WAS vs. SAN",2015,08/05/2015,WAS,SAN,Home,W,16,2,1,5,20,0,2,0,0,0,0,0,2,2,2,1,0,0,2,-4
"Aug 07, 2015 - WAS @ CON",2015,08/07/2015,WAS,CON,Away,L,20,4,2,5,40,0,2,0,0,0,0,0,0,0,4,1,0,0,1,-14
"Aug 09, 2015 - WAS vs. CON",2015,08/09/2015,WAS,CON,Home,W,27,5,1,4,25,0,2,0,3,4,75,0,7,7,4,0,0,2,3,7
"Aug 11, 2015 - WAS vs. IND",2015,08/11/2015,WAS,IND,Home,L,15,2,0,2,0,0,0,0,2,2,100,0,2,2,2,1,0,2,1,-13
"Aug 16, 2015 - WAS vs. MIN",2015,08/16/2015,WAS,MIN,Home,W,18,2,0,1,0,0,0,0,2,2,100,0,3,3,2,0,0,2,0,12
"Aug 19, 2015 - WAS @ MIN",2015,08/19/2015,WAS,MIN,Away,W,19,4,2,5,40,0,1,0,0,1,0,0,2,2,2,0,0,1,2,-7
"Aug 21, 2015 - WAS @ CHI",2015,08/21/2015,WAS,CHI,Away,L,20,7,3,4,75,1,1,100,0,0,0,1,5,6,6,2,0,3,3,-2
"Aug 23, 2015 - WAS vs. CHI",2015,08/23/2015,WAS,CHI,Home,L,10,1,0,2,0,0,1,0,1,2,50,1,0,1,1,0,0,0,2,-3
"Aug 28, 2015 - WAS vs. PHO",2015,08/28/2015,WAS,PHO,Home,W,32,5,2,6,33.3,0,2,0,1,2,50,0,5,5,6,2,0,2,1,18
"Aug 30, 2015 - WAS @ SEA",2015,08/30/2015,WAS,SEA,Away,L,25,8,3,5,60,0,1,0,2,2,100,0,4,4,4,0,0,4,5,2
"Sep 02, 2015 - WAS @ PHO",2015,09/02/2015,WAS,PHO,Away,L,24,7,2,7,28.6,0,2,0,3,4,75,0,4,4,3,0,0,2,2,-17
"Sep 03, 2015 - WAS @ LAS",2015,09/03/2015,WAS,LAS,Away,L,34,3,1,4,25,1,1,100,0,0,0,0,2,2,11,2,0,2,3,6
"Sep 06, 2015 - WAS @ ATL",2015,09/06/2015,WAS,ATL,Away,L,19,2,1,2,50,0,1,0,0,0,0,1,3,4,3,0,0,3,2,-13
"Sep 08, 2015 - WAS vs. IND",2015,09/08/2015,WAS,IND,Home,W,9,0,0,2,0,0,0,0,0,0,0,1,0,1,0,0,0,2,1,-12
"Sep 11, 2015 - WAS @ NYL",2015,09/11/2015,WAS,NYL,Away,W,25,5,2,3,66.7,0,0,0,1,1,100,0,2,2,6,3,0,1,1,27
"Sep 13, 2015 - WAS vs. ATL",2015,09/13/2015,WAS,ATL,Home,L,18,2,1,5,20,0,1,0,0,0,0,0,2,2,4,0,0,2,3,4
"May 14, 2016 - WAS vs. NYL",2016,05/14/2016,WAS,NYL,Home,L,28,5,0,3,0,0,1,0,5,6,83.3,1,2,3,4,0,0,1,4,-18
"May 18, 2016 - WAS vs. DAL",2016,05/18/2016,WAS,DAL,Home,L,22,7,2,7,28.6,0,1,0,3,4,75,1,6,7,3,0,0,3,4,-4
"May 29, 2016 - WAS @ PHO",2016,05/29/2016,WAS,PHO,Away,L,19,8,2,5,40,0,1,0,4,5,80,0,4,4,3,0,0,1,2,-19
"Jun 01, 2016 - WAS vs. CHI",2016,06/01/2016,WAS,CHI,Home,L,17,5,2,5,40,1,2,50,0,0,0,0,1,1,1,0,0,1,0,-7
"Jun 03, 2016 - WAS @ CHI",2016,06/03/2016,WAS,CHI,Away,L,16,0,0,3,0,0,1,0,0,0,0,0,4,4,4,0,0,1,1,-11
"Jun 05, 2016 - WAS @ ATL",2016,06/05/2016,WAS,ATL,Away,W,13,3,1,4,25,1,1,100,0,0,0,0,2,2,3,0,0,0,2,3
"Jun 08, 2016 - WAS @ DAL",2016,06/08/2016,WAS,DAL,Away,W,25,8,2,4,50,2,2,100,2,2,100,0,3,3,3,2,0,2,3,13
"Jun 11, 2016 - WAS vs. MIN",2016,06/11/2016,WAS,MIN,Home,L,19,5,2,7,28.6,0,2,0,1,1,100,0,0,0,1,2,0,2,3,-10
"Jun 14, 2016 - WAS @ CON",2016,06/14/2016,WAS,CON,Away,W,36,7,2,7,28.6,1,5,20,2,2,100,0,6,6,6,1,0,1,3,8
"Jun 18, 2016 - WAS vs. ATL",2016,06/18/2016,WAS,ATL,Home,W,14,5,2,3,66.7,1,2,50,0,0,0,0,2,2,3,1,0,1,2,14
"Jun 22, 2016 - WAS vs. IND",2016,06/22/2016,WAS,IND,Home,W,21,7,1,2,50,0,0,0,5,6,83.3,0,6,6,2,2,0,1,1,11
"Jun 24, 2016 - WAS vs. PHO",2016,06/24/2016,WAS,PHO,Home,L,29,18,6,11,54.5,5,7,71.4,1,2,50,0,2,2,5,2,0,1,0,-6
"Jun 26, 2016 - WAS vs. MIN",2016,06/26/2016,WAS,MIN,Home,W,21,8,3,8,37.5,1,2,50,1,2,50,0,3,3,3,1,0,0,1,22
"Jun 29, 2016 - WAS vs. SAN",2016,06/29/2016,WAS,SAN,Home,W,21,11,4,7,57.1,3,3,100,0,0,0,0,3,3,3,0,0,3,0,15
"Jul 01, 2016 - WAS @ CHI",2016,07/01/2016,WAS,CHI,Away,L,34,3,1,3,33.3,1,3,33.3,0,0,0,0,4,4,4,0,0,1,3,-7
"Jul 06, 2016 - WAS @ SAN",2016,07/06/2016,WAS,SAN,Away,L,27,10,3,5,60,0,1,0,4,4,100,0,3,3,3,0,0,0,1,-6
"Jul 10, 2016 - WAS @ LAS",2016,07/10/2016,WAS,LAS,Away,L,25,6,2,3,66.7,2,3,66.7,0,0,0,0,4,4,3,1,0,2,3,-10
"Jul 13, 2016 - WAS @ PHO",2016,07/13/2016,WAS,PHO,Away,L,14,2,1,2,50,0,1,0,0,0,0,0,0,0,0,0,0,1,3,-18
"Jul 15, 2016 - WAS @ SEA",2016,07/15/2016,WAS,SEA,Away,L,26,0,0,4,0,0,1,0,0,0,0,0,1,1,2,0,0,1,2,-22
"Jul 20, 2016 - WAS vs. NYL",2016,07/20/2016,WAS,NYL,Home,L,24,6,1,5,20,0,1,0,4,5,80,0,1,1,6,1,0,2,2,-3
"Jul 22, 2016 - WAS vs. LAS",2016,07/22/2016,WAS,LAS,Home,L,28,5,2,5,40,1,4,25,0,0,0,0,4,4,3,1,0,3,3,-21
"Aug 27, 2016 - WAS @ IND",2016,08/27/2016,WAS,IND,Away,W,21,5,2,2,100,1,1,100,0,0,0,0,3,3,5,1,1,0,0,24
"Aug 28, 2016 - WAS vs. SAN",2016,08/28/2016,WAS,SAN,Home,L,25,2,1,4,25,0,2,0,0,0,0,0,1,1,5,1,0,2,2,-1
"Sep 02, 2016 - WAS @ MIN",2016,09/02/2016,WAS,MIN,Away,L,33,7,3,10,30,0,3,0,1,2,50,1,5,6,7,1,1,2,3,-14
"Sep 04, 2016 - WAS @ DAL",2016,09/04/2016,WAS,DAL,Away,W,24,0,0,3,0,0,0,0,0,0,0,1,1,2,2,2,0,0,4,0
"Sep 07, 2016 - WAS vs. CHI",2016,09/07/2016,WAS,CHI,Home,W,21,6,1,5,20,1,4,25,3,4,75,0,3,3,7,0,0,1,2,15
"Sep 09, 2016 - WAS vs. SEA",2016,09/09/2016,WAS,SEA,Home,L,31,12,4,7,57.1,1,2,50,3,5,60,1,3,4,5,2,0,1,3,5
"Sep 11, 2016 - WAS vs. IND",2016,09/11/2016,WAS,IND,Home,L,38,4,1,7,14.3,0,3,0,2,2,100,0,3,3,8,1,1,2,3,-1
"Sep 13, 2016 - WAS @ NYL",2016,09/13/2016,WAS,NYL,Away,W,25,2,1,4,25,0,1,0,0,0,0,0,4,4,4,0,0,3,2,10
"Sep 15, 2016 - WAS @ ATL",2016,09/15/2016,WAS,ATL,Away,L,34,10,4,12,33.3,1,6,16.7,1,3,33.3,0,3,3,7,2,0,4,3,-2
"Sep 18, 2016 - WAS vs. CON",2016,09/18/2016,WAS,CON,Home,L,23,1,0,4,0,0,2,0,1,2,50,0,2,2,3,0,0,0,0,8
"May 14, 2017 - WAS vs. SAN",2017,05/14/2017,WAS,SAN,Home,W,15,4,1,3,33.3,0,0,0,2,2,100,0,0,0,1,0,0,1,1,5
"May 19, 2017 - WAS @ LAS",2017,05/19/2017,WAS,LAS,Away,L,23,7,3,6,50,1,2,50,0,0,0,0,4,4,8,0,0,1,1,-4
"May 21, 2017 - WAS @ SEA",2017,05/21/2017,WAS,SEA,Away,L,19,2,1,3,33.3,0,1,0,0,0,0,0,3,3,0,2,0,0,1,-14
"May 24, 2017 - WAS @ CHI",2017,05/24/2017,WAS,CHI,Away,W,23,7,3,7,42.9,1,2,50,0,0,0,2,2,4,3,0,0,1,4,21
"May 26, 2017 - WAS vs. CHI",2017,05/26/2017,WAS,CHI,Home,W,18,3,1,5,20,0,2,0,1,2,50,0,2,2,2,1,0,1,3,-2
"May 31, 2017 - WAS vs. CON",2017,05/31/2017,WAS,CON,Home,W,16,6,2,3,66.7,0,1,0,2,2,100,0,4,4,0,0,0,0,1,0
"Jun 06, 2017 - WAS @ DAL",2017,06/06/2017,WAS,DAL,Away,W,23,8,3,8,37.5,2,4,50,0,0,0,0,8,8,7,0,0,1,2,17
"Jun 09, 2017 - WAS vs. MIN",2017,06/09/2017,WAS,MIN,Home,L,17,4,1,3,33.3,0,2,0,2,3,66.7,0,1,1,2,0,0,3,1,-10
"Jun 11, 2017 - WAS vs. IND",2017,06/11/2017,WAS,IND,Home,W,20,0,0,2,0,0,0,0,0,0,0,0,2,2,3,1,0,2,4,7
"Jun 18, 2017 - WAS vs. DAL",2017,06/18/2017,WAS,DAL,Home,L,21,0,0,5,0,0,2,0,0,0,0,0,1,1,4,2,0,0,2,3
"Jun 23, 2017 - WAS @ MIN",2017,06/23/2017,WAS,MIN,Away,L,15,7,3,5,60,1,2,50,0,0,0,1,2,3,1,2,0,1,2,-7
"Jun 25, 2017 - WAS @ CHI",2017,06/25/2017,WAS,CHI,Away,W,22,12,4,7,57.1,0,2,0,4,5,80,1,2,3,6,0,1,1,3,22
"Jun 27, 2017 - WAS vs. SEA",2017,06/27/2017,WAS,SEA,Home,W,15,5,1,5,20,1,3,33.3,2,2,100,0,0,0,2,1,0,0,0,6
"Jun 29, 2017 - WAS vs. NYL",2017,06/29/2017,WAS,NYL,Home,W,23,2,1,3,33.3,0,1,0,0,2,0,0,2,2,2,2,0,0,2,21
"Jul 02, 2017 - WAS @ LAS",2017,07/02/2017,WAS,LAS,Away,L,17,2,1,6,16.7,0,3,0,0,0,0,1,2,3,1,0,0,1,2,0
"Jul 05, 2017 - WAS @ PHO",2017,07/05/2017,WAS,PHO,Away,L,13,3,1,4,25,1,3,33.3,0,0,0,0,2,2,3,2,0,1,0,-5
"Jul 08, 2017 - WAS @ CON",2017,07/08/2017,WAS,CON,Away,L,9,3,1,5,20,1,1,100,0,0,0,0,3,3,1,0,0,2,0,-10
"Jul 14, 2017 - WAS @ IND",2017,07/14/2017,WAS,IND,Away,W,19,4,2,6,33.3,0,1,0,0,1,0,1,4,5,2,1,1,0,2,7
"Jul 16, 2017 - WAS @ NYL",2017,07/16/2017,WAS,NYL,Away,L,22,6,2,6,33.3,1,4,25,1,2,50,0,2,2,2,1,1,1,0,-21
"Jul 19, 2017 - WAS vs. ATL",2017,07/19/2017,WAS,ATL,Home,W,29,10,3,12,25,2,8,25,2,2,100,1,2,3,8,0,0,1,0,12
"Jul 25, 2017 - WAS @ SAN",2017,07/25/2017,WAS,SAN,Away,W,19,6,1,5,20,0,2,0,4,4,100,0,0,0,3,0,0,0,0,5
"Aug 12, 2017 - WAS vs. IND",2017,08/12/2017,WAS,IND,Home,W,17,0,0,1,0,0,0,0,0,0,0,0,3,3,5,0,0,0,0,10
"Aug 16, 2017 - WAS vs. LAS",2017,08/16/2017,WAS,LAS,Home,L,23,0,0,5,0,0,3,0,0,0,0,0,1,1,2,2,0,5,6,-23
"Aug 18, 2017 - WAS vs. PHO",2017,08/18/2017,WAS,PHO,Home,L,11,5,2,3,66.7,1,2,50,0,0,0,0,0,0,1,0,0,0,2,2
"May 20, 2018 - WAS vs. IND",2018,05/20/2018,WAS,IND,Home,W,16,5,1,4,25,1,2,50,2,2,100,0,2,2,3,0,0,1,2,-1
"May 22, 2018 - WAS vs. LVA",2018,05/22/2018,WAS,LVA,Home,W,23,7,3,6,50,0,1,0,1,1,100,0,1,1,5,0,0,1,0,7
"May 24, 2018 - WAS @ IND",2018,05/24/2018,WAS,IND,Away,W,26,8,3,6,50,0,2,0,2,2,100,0,2,2,4,0,1,1,3,9
"May 27, 2018 - WAS vs. MIN",2018,05/27/2018,WAS,MIN,Home,W,29,14,6,9,66.7,2,3,66.7,0,1,0,1,3,4,8,0,1,1,2,22
"Jun 03, 2018 - WAS vs. CON",2018,06/03/2018,WAS,CON,Home,L,24,2,1,6,16.7,0,2,0,0,0,0,0,4,4,3,3,0,1,0,-5
"Jun 07, 2018 - WAS vs. MIN",2018,06/07/2018,WAS,MIN,Home,L,35,17,8,18,44.4,1,7,14.3,0,0,0,1,4,5,9,1,0,5,4,-9
"Jun 13, 2018 - WAS @ CON",2018,06/13/2018,WAS,CON,Away,W,34,6,3,6,50,0,1,0,0,0,0,0,4,4,3,0,0,1,3,-2
"Jun 15, 2018 - WAS vs. LAS",2018,06/15/2018,WAS,LAS,Home,L,25,10,4,15,26.7,0,3,0,2,2,100,0,1,1,2,1,0,4,3,-14
"Jun 19, 2018 - WAS vs. CHI",2018,06/19/2018,WAS,CHI,Home,W,25,2,1,3,33.3,0,2,0,0,0,0,0,4,4,6,1,0,0,1,26
"Jun 22, 2018 - WAS @ CHI",2018,06/22/2018,WAS,CHI,Away,W,28,9,4,9,44.4,1,4,25,0,0,0,0,5,5,5,2,0,2,1,13
"Jun 26, 2018 - WAS vs. CON",2018,06/26/2018,WAS,CON,Home,W,18,4,1,7,14.3,1,2,50,1,2,50,1,2,3,2,0,0,1,2,-5
"Jun 28, 2018 - WAS vs. NYL",2018,06/28/2018,WAS,NYL,Home,W,25,8,4,4,100,0,0,0,0,0,0,0,5,5,1,0,1,2,2,-2
"Jun 30, 2018 - WAS vs. PHO",2018,06/30/2018,WAS,PHO,Home,L,24,10,4,7,57.1,2,4,50,0,0,0,0,2,2,4,0,0,2,1,3
"Jul 05, 2018 - WAS vs. NYL",2018,07/05/2018,WAS,NYL,Home,W,27,10,3,5,60,2,3,66.7,2,2,100,1,6,7,10,2,0,0,0,13
"Jul 07, 2018 - WAS @ LAS",2018,07/07/2018,WAS,LAS,Away,W,22,9,2,5,40,0,2,0,5,7,71.4,1,3,4,3,0,0,2,0,-1
"Jul 08, 2018 - WAS @ SEA",2018,07/08/2018,WAS,SEA,Away,L,29,10,3,6,50,2,4,50,2,2,100,0,1,1,5,1,0,3,3,14
"Jul 11, 2018 - WAS vs. ATL",2018,07/11/2018,WAS,ATL,Home,L,27,17,7,11,63.6,3,4,75,0,0,0,0,4,4,2,1,0,2,3,-16
"Jul 13, 2018 - WAS vs. CHI",2018,07/13/2018,WAS,CHI,Home,W,27,8,3,8,37.5,2,4,50,0,0,0,0,4,4,7,1,0,2,1,34
"Jul 15, 2018 - WAS @ ATL",2018,07/15/2018,WAS,ATL,Away,L,30,0,0,6,0,0,1,0,0,0,0,0,1,1,4,1,0,1,3,0
"Jul 31, 2018 - WAS @ ATL",2018,07/31/2018,WAS,ATL,Away,W,28,11,4,7,57.1,3,5,60,0,0,0,0,3,3,4,0,0,5,6,15
"Aug 05, 2018 - WAS @ DAL",2018,08/05/2018,WAS,DAL,Away,W,23,13,4,6,66.7,4,5,80,1,2,50,0,5,5,2,0,0,0,2,6
"Aug 07, 2018 - WAS @ PHO",2018,08/07/2018,WAS,PHO,Away,W,37,15,5,11,45.5,4,6,66.7,1,2,50,0,2,2,6,2,1,1,1,4
"Aug 09, 2018 - WAS vs. SEA",2018,08/09/2018,WAS,SEA,Home,W,21,14,6,7,85.7,2,3,66.7,0,0,0,0,3,3,8,0,0,0,4,21
"Aug 12, 2018 - WAS vs. DAL",2018,08/12/2018,WAS,DAL,Home,W,29,8,3,6,50,0,1,0,2,2,100,0,4,4,4,2,0,2,2,24
"Aug 15, 2018 - WAS @ IND",2018,08/15/2018,WAS,IND,Away,W,31,5,2,7,28.6,1,5,20,0,0,0,0,1,1,7,0,0,3,3,9
"Aug 17, 2018 - WAS vs. LAS",2018,08/17/2018,WAS,LAS,Home,W,28,4,2,11,18.2,0,3,0,0,0,0,1,1,2,5,1,0,2,1,-20
"Aug 19, 2018 - WAS @ MIN",2018,08/19/2018,WAS,MIN,Away,L,25,5,2,8,25,1,4,25,0,0,0,0,3,3,3,2,0,0,1,5
"May 25, 2019 - WAS @ CON",2019,05/25/2019,WAS,CON,Away,L,30,6,2,7,28.6,0,4,0,2,4,50,0,2,2,8,1,2,3,1,-13
"Jun 01, 2019 - WAS vs. ATL",2019,06/01/2019,WAS,ATL,Home,W,29,4,2,8,25,0,4,0,0,0,0,0,3,3,4,2,0,0,3,14
"Jun 05, 2019 - WAS vs. CHI",2019,06/05/2019,WAS,CHI,Home,W,31,12,5,11,45.5,2,5,40,0,0,0,0,0,0,5,2,0,1,2,9
"Jun 07, 2019 - WAS @ NYL",2019,06/07/2019,WAS,NYL,Away,W,35,26,9,15,60,3,6,50,5,5,100,0,4,4,8,0,1,1,2,12
"Jun 09, 2019 - WAS vs. DAL",2019,06/09/2019,WAS,DAL,Home,W,32,13,5,10,50,3,7,42.9,0,0,0,0,4,4,3,1,0,2,0,18
"Jun 11, 2019 - WAS @ CON",2019,06/11/2019,WAS,CON,Away,L,33,12,3,11,27.3,3,7,42.9,3,4,75,1,3,4,8,2,1,1,4,-8
"Jun 14, 2019 - WAS vs. SEA",2019,06/14/2019,WAS,SEA,Home,L,36,8,2,7,28.6,1,4,25,3,4,75,0,0,0,5,2,0,2,0,-9
"Jun 18, 2019 - WAS @ LAS",2019,06/18/2019,WAS,LAS,Away,W,31,7,2,5,40,1,3,33.3,2,2,100,0,4,4,5,1,1,0,1,23
"Jun 20, 2019 - WAS @ LVA",2019,06/20/2019,WAS,LVA,Away,W,33,2,1,6,16.7,0,2,0,0,0,0,0,3,3,7,1,0,1,1,14
"Jun 23, 2019 - WAS @ ATL",2019,06/23/2019,WAS,ATL,Away,W,34,9,3,10,30,0,5,0,3,3,100,0,2,2,6,2,0,0,2,16
"Jun 26, 2019 - WAS @ CHI",2019,06/26/2019,WAS,CHI,Away,W,33,8,4,11,36.4,0,3,0,0,2,0,0,4,4,5,0,0,0,1,1
"Jun 29, 2019 - WAS vs. CON",2019,06/29/2019,WAS,CON,Home,W,28,9,3,5,60,3,5,60,0,0,0,1,3,4,6,0,0,3,2,29
"Jul 07, 2019 - WAS @ LAS",2019,07/07/2019,WAS,LAS,Away,L,33,9,2,8,25,1,2,50,4,4,100,0,3,3,3,1,0,0,3,-15
"Jul 10, 2019 - WAS vs. PHO",2019,07/10/2019,WAS,PHO,Home,L,29,4,2,8,25,0,1,0,0,0,0,0,3,3,5,0,0,2,1,-20
"Jul 13, 2019 - WAS vs. LVA",2019,07/13/2019,WAS,LVA,Home,L,38,18,6,15,40,3,11,27.3,3,3,100,0,2,2,3,1,0,2,3,-2
"Jul 19, 2019 - WAS @ IND",2019,07/19/2019,WAS,IND,Away,W,39,2,1,7,14.3,0,4,0,0,2,0,0,4,4,7,2,0,0,3,-2
"Jul 21, 2019 - WAS vs. ATL",2019,07/21/2019,WAS,ATL,Home,W,30,6,2,8,25,2,5,40,0,0,0,0,3,3,6,1,1,4,2,12
"Jul 24, 2019 - WAS @ MIN",2019,07/24/2019,WAS,MIN,Away,W,35,10,4,11,36.4,1,5,20,1,1,100,0,2,2,5,2,0,4,0,0
"Jul 30, 2019 - WAS vs. PHO",2019,07/30/2019,WAS,PHO,Home,W,34,12,4,8,50,1,1,100,3,4,75,0,2,2,6,0,0,1,3,-1
"Aug 02, 2019 - WAS @ SEA",2019,08/02/2019,WAS,SEA,Away,W,33,5,2,6,33.3,1,3,33.3,0,0,0,0,3,3,3,0,0,2,2,26
"Aug 04, 2019 - WAS @ PHO",2019,08/04/2019,WAS,PHO,Away,L,24,4,1,3,33.3,0,0,0,2,2,100,1,1,2,7,1,0,1,2,-6
"Aug 05, 2019 - WAS @ LVA",2019,08/05/2019,WAS,LVA,Away,W,31,9,3,7,42.9,3,5,60,0,0,0,0,2,2,9,0,0,1,2,22
"Aug 08, 2019 - WAS vs. IND",2019,08/08/2019,WAS,IND,Home,W,34,13,5,9,55.6,3,5,60,0,0,0,0,1,1,5,2,0,1,3,11
"Aug 11, 2019 - WAS vs. MIN",2019,08/11/2019,WAS,MIN,Home,W,35,4,1,4,25,0,2,0,2,4,50,0,5,5,4,0,0,8,4,15
"Aug 14, 2019 - WAS vs. SEA",2019,08/14/2019,WAS,SEA,Home,W,25,8,3,6,50,2,2,100,0,0,0,0,0,0,3,2,0,3,1,3
"Aug 16, 2019 - WAS @ MIN",2019,08/16/2019,WAS,MIN,Away,W,37,13,5,10,50,1,4,25,2,4,50,0,1,1,8,2,0,4,1,11
"Aug 18, 2019 - WAS vs. IND",2019,08/18/2019,WAS,IND,Home,W,29,9,4,10,40,1,3,33.3,0,0,0,0,2,2,8,0,0,1,1,29
"Aug 23, 2019 - WAS @ CHI",2019,08/23/2019,WAS,CHI,Away,L,34,10,3,10,30,2,7,28.6,2,4,50,0,5,5,4,0,0,1,4,-14
"Aug 25, 2019 - WAS vs. NYL",2019,08/25/2019,WAS,NYL,Home,W,26,2,1,5,20,0,2,0,0,0,0,0,2,2,5,1,1,2,1,34
"Aug 27, 2019 - WAS vs. LAS",2019,08/27/2019,WAS,LAS,Home,W,25,15,6,7,85.7,3,4,75,0,0,0,0,0,0,6,3,0,2,2,33
"Aug 31, 2019 - WAS @ DAL",2019,08/31/2019,WAS,DAL,Away,W,35,13,5,10,50,1,5,20,2,4,50,0,1,1,3,0,0,3,5,-2
"Sep 03, 2019 - WAS @ NYL",2019,09/03/2019,WAS,NYL,Away,W,38,12,5,9,55.6,2,5,40,0,0,0,0,2,2,9,1,0,4,3,16
"Sep 06, 2019 - WAS vs. DAL",2019,09/06/2019,WAS,DAL,Home,W,37,4,2,5,40,0,2,0,0,2,0,1,0,1,5,0,0,2,3,13
"Sep 08, 2019 - WAS vs. CHI",2019,09/08/2019,WAS,CHI,Home,W,29,8,2,7,28.6,2,5,40,2,2,100,2,2,4,6,2,0,3,1,7
"May 15, 2021 - WAS vs. CHI",2021,05/15/2021,WAS,CHI,Home,L,30,8,2,10,20,0,4,0,4,4,100,2,5,7,3,4,0,1,1,-13
"May 18, 2021 - WAS vs. PHO",2021,05/18/2021,WAS,PHO,Home,L,31,18,7,12,58.3,2,6,33.3,2,2,100,0,1,1,2,1,0,1,2,-13
"May 21, 2021 - WAS vs. NYL",2021,05/21/2021,WAS,NYL,Home,W,28,6,2,10,20,2,3,66.7,0,0,0,0,5,5,8,0,0,2,1,26
"May 23, 2021 - WAS @ IND",2021,05/23/2021,WAS,IND,Away,L,33,5,2,7,28.6,1,4,25,0,0,0,0,2,2,2,2,0,6,2,-6
"May 25, 2021 - WAS @ IND",2021,05/25/2021,WAS,IND,Away,W,26,3,1,4,25,1,3,33.3,0,0,0,0,3,3,7,0,0,1,4,3
"May 28, 2021 - WAS @ CON",2021,05/28/2021,WAS,CON,Away,L,36,2,1,6,16.7,0,3,0,0,0,0,0,4,4,3,1,0,3,4,1
"Jun 05, 2021 - WAS vs. LVA",2021,06/05/2021,WAS,LVA,Home,L,36,4,1,6,16.7,1,4,25,1,2,50,1,3,4,11,1,0,3,4,-4
"Jun 08, 2021 - WAS vs. MIN",2021,06/08/2021,WAS,MIN,Home,W,36,11,3,8,37.5,1,4,25,4,4,100,0,2,2,8,6,1,3,1,6
"Jun 10, 2021 - WAS vs. LAS",2021,06/10/2021,WAS,LAS,Home,W,31,8,2,5,40,1,3,33.3,3,4,75,0,4,4,5,0,0,1,1,19
"Jun 13, 2021 - WAS @ ATL",2021,06/13/2021,WAS,ATL,Away,L,25,3,1,1,100,1,1,100,0,0,0,1,0,1,6,1,0,3,2,-25
"Jun 17, 2021 - WAS vs. ATL",2021,06/17/2021,WAS,ATL,Home,W,36,10,3,7,42.9,0,3,0,4,5,80,0,9,9,11,1,1,4,2,1
"Jun 19, 2021 - WAS vs. IND",2021,06/19/2021,WAS,IND,Home,W,13,5,2,5,40,0,1,0,1,1,100,1,1,2,2,0,0,0,1,6
"Jul 10, 2021 - WAS @ CHI",2021,07/10/2021,WAS,CHI,Away,W,33,7,3,8,37.5,1,3,33.3,0,0,0,1,4,5,11,0,0,3,1,-4
"Aug 15, 2021 - WAS @ LVA",2021,08/15/2021,WAS,LVA,Away,L,35,11,5,8,62.5,1,2,50,0,1,0,0,2,2,10,0,0,2,5,1
"Aug 17, 2021 - WAS @ LVA",2021,08/17/2021,WAS,LVA,Away,L,34,7,2,6,33.3,0,3,0,3,4,75,0,4,4,8,1,0,2,3,0
"Aug 19, 2021 - WAS @ PHO",2021,08/19/2021,WAS,PHO,Away,L,29,5,2,9,22.2,1,3,33.3,0,0,0,0,3,3,2,0,0,1,0,-11
"Aug 22, 2021 - WAS vs. SEA",2021,08/22/2021,WAS,SEA,Home,L,31,11,5,10,50,1,3,33.3,0,0,0,1,3,4,9,1,0,2,3,7
"Aug 24, 2021 - WAS vs. LAS",2021,08/24/2021,WAS,LAS,Home,W,25,2,0,3,0,0,0,0,2,2,100,1,7,8,8,1,0,2,1,22
"Aug 26, 2021 - WAS vs. DAL",2021,08/26/2021,WAS,DAL,Home,L,33,5,2,5,40,0,1,0,1,1,100,0,0,0,7,1,0,0,3,-13
"Aug 28, 2021 - WAS vs. DAL",2021,08/28/2021,WAS,DAL,Home,W,36,21,6,12,50,4,8,50,5,6,83.3,0,0,0,5,1,1,1,4,1
"Aug 31, 2021 - WAS vs. CON",2021,08/31/2021,WAS,CON,Home,L,31,5,2,10,20,0,6,0,1,2,50,0,2,2,12,2,0,2,3,-13
"Sep 04, 2021 - WAS @ MIN",2021,09/04/2021,WAS,MIN,Away,L,35,12,6,15,40,0,4,0,0,0,0,1,6,7,6,2,0,3,3,-20
"Sep 07, 2021 - WAS @ SEA",2021,09/07/2021,WAS,SEA,Away,L,24,6,1,4,25,1,3,33.3,3,4,75,0,1,1,2,3,0,4,2,-28
"Sep 10, 2021 - WAS vs. ATL",2021,09/10/2021,WAS,ATL,Home,W,34,13,4,7,57.1,1,4,25,4,4,100,0,5,5,6,4,0,0,1,6
"Sep 12, 2021 - WAS @ CHI",2021,09/12/2021,WAS,CHI,Away,W,38,16,6,11,54.5,2,4,50,2,2,100,0,6,6,8,0,0,1,5,3
"Sep 17, 2021 - WAS @ NYL",2021,09/17/2021,WAS,NYL,Away,L,37,8,2,5,40,2,5,40,2,2,100,1,4,5,7,2,0,4,1,-11
"Sep 19, 2021 - WAS vs. MIN",2021,09/19/2021,WAS,MIN,Home,L,37,22,8,14,57.1,2,7,28.6,4,5,80,1,1,2,5,2,1,4,2,-2
"May 06, 2022 - WAS vs. IND",2022,05/06/2022,WAS,IND,Home,W,32,17,6,13,46.2,0,4,0,5,5,100,0,4,4,6,0,1,2,2,23
"May 08, 2022 - WAS @ MIN",2022,05/08/2022,WAS,MIN,Away,W,29,19,7,13,53.8,4,7,57.1,1,1,100,0,6,6,6,2,0,3,4,12
"May 17, 2022 - WAS @ DAL",2022,05/17/2022,WAS,DAL,Away,W,26,10,3,8,37.5,3,4,75,1,2,50,0,4,4,7,2,0,1,0,9
"May 20, 2022 - WAS @ ATL",2022,05/20/2022,WAS,ATL,Away,W,34,16,3,10,30,1,6,16.7,9,10,90,0,3,3,5,1,0,2,1,4
"May 22, 2022 - WAS vs. CHI",2022,05/22/2022,WAS,CHI,Home,L,33,2,1,8,12.5,0,1,0,0,0,0,0,3,3,10,1,1,2,0,5
"May 24, 2022 - WAS vs. ATL",2022,05/24/2022,WAS,ATL,Home,W,28,6,2,6,33.3,2,5,40,0,0,0,0,2,2,7,0,0,3,2,26
"May 28, 2022 - WAS @ CON",2022,05/28/2022,WAS,CON,Away,L,31,5,2,8,25,0,2,0,1,1,100,1,1,2,6,2,0,2,2,-20
"May 31, 2022 - WAS @ IND",2022,05/31/2022,WAS,IND,Away,W,34,16,6,10,60,1,3,33.3,3,3,100,1,3,4,9,2,0,5,2,10
"Jun 03, 2022 - WAS vs. NYL",2022,06/03/2022,WAS,NYL,Home,L,32,17,6,16,37.5,1,8,12.5,4,5,80,0,5,5,8,0,0,6,1,-4
"Jun 05, 2022 - WAS @ CHI",2022,06/05/2022,WAS,CHI,Away,L,22,2,1,6,16.7,0,1,0,0,0,0,3,1,4,6,3,0,4,0,-13
"Jun 08, 2022 - WAS vs. CHI",2022,06/08/2022,WAS,CHI,Home,W,34,11,4,11,36.4,1,3,33.3,2,2,100,1,4,5,5,0,0,1,0,2
"Jun 10, 2022 - WAS @ MIN",2022,06/10/2022,WAS,MIN,Away,W,33,8,3,11,27.3,2,8,25,0,0,0,0,2,2,8,0,0,2,2,18
"Jun 12, 2022 - WAS vs. PHO",2022,06/12/2022,WAS,PHO,Home,L,39,9,3,8,37.5,1,5,20,2,2,100,1,5,6,7,1,0,5,1,-7
"Jun 14, 2022 - WAS vs. PHO",2022,06/14/2022,WAS,PHO,Home,W,29,6,2,5,40,0,3,0,2,2,100,0,0,0,10,0,0,2,3,13
"Jun 16, 2022 - WAS @ NYL",2022,06/16/2022,WAS,NYL,Away,L,33,17,6,14,42.9,3,7,42.9,2,2,100,0,5,5,7,0,0,4,2,-4
"Jun 19, 2022 - WAS vs. CON",2022,06/19/2022,WAS,CON,Home,W,33,8,3,8,37.5,0,4,0,2,4,50,0,4,4,5,3,1,0,2,7
"Jun 21, 2022 - WAS @ LAS",2022,06/21/2022,WAS,LAS,Away,L,33,13,4,6,66.7,3,3,100,2,7,28.6,2,1,3,13,3,0,4,2,3
"Jun 23, 2022 - WAS @ SEA",2022,06/23/2022,WAS,SEA,Away,L,30,3,1,4,25,1,4,25,0,0,0,1,2,3,8,1,1,2,0,-19
"Jun 25, 2022 - WAS @ LVA",2022,06/25/2022,WAS,LVA,Away,W,37,16,5,10,50,1,6,16.7,5,6,83.3,1,3,4,10,1,0,3,3,7
"Jun 28, 2022 - WAS vs. ATL",2022,06/28/2022,WAS,ATL,Home,W,25,18,6,7,85.7,4,5,80,2,4,50,0,2,2,3,1,1,3,2,24
"Jul 03, 2022 - WAS @ CON",2022,07/03/2022,WAS,CON,Away,L,43,6,2,9,22.2,0,3,0,2,2,100,1,3,4,6,1,1,5,1,-4
"Jul 06, 2022 - WAS @ ATL",2022,07/06/2022,WAS,ATL,Away,W,29,13,5,9,55.6,2,4,50,1,3,33.3,0,4,4,4,0,0,3,2,14
"Jul 12, 2022 - WAS @ LAS",2022,07/12/2022,WAS,LAS,Away,W,36,21,6,11,54.5,3,4,75,6,6,100,0,4,4,9,2,0,3,0,14
"Jul 14, 2022 - WAS @ PHO",2022,07/14/2022,WAS,PHO,Away,L,37,9,4,9,44.4,1,5,20,0,0,0,0,2,2,7,0,1,3,3,-10
"Jul 17, 2022 - WAS vs. MIN",2022,07/17/2022,WAS,MIN,Home,W,33,7,2,7,28.6,1,3,33.3,2,2,100,1,5,6,8,2,0,2,2,8
"Jul 21, 2022 - WAS vs. NYL",2022,07/21/2022,WAS,NYL,Home,W,34,8,3,8,37.5,0,1,0,2,2,100,0,6,6,3,1,0,4,2,11
"Jul 28, 2022 - WAS @ DAL",2022,07/28/2022,WAS,DAL,Away,W,33,14,4,11,36.4,2,3,66.7,4,4,100,1,3,4,7,2,1,3,1,2
"Jul 30, 2022 - WAS vs. SEA",2022,07/30/2022,WAS,SEA,Home,L,33,10,4,14,28.6,0,6,0,2,2,100,1,3,4,11,1,0,1,2,-1
"Jul 31, 2022 - WAS vs. SEA",2022,07/31/2022,WAS,SEA,Home,W,30,11,4,11,36.4,1,1,100,2,2,100,0,4,4,10,0,0,4,2,5
"Aug 02, 2022 - WAS vs. LVA",2022,08/02/2022,WAS,LVA,Home,W,31,16,6,16,37.5,2,9,22.2,2,2,100,1,3,4,9,2,0,2,3,5
"Aug 05, 2022 - WAS @ CHI",2022,08/05/2022,WAS,CHI,Away,L,23,6,3,6,50,0,1,0,0,0,0,0,4,4,4,0,0,2,0,-15
"Aug 07, 2022 - WAS vs. LAS",2022,08/07/2022,WAS,LAS,Home,L,35,8,2,7,28.6,0,0,0,4,4,100,0,3,3,9,1,2,3,5,2
"Aug 12, 2022 - WAS @ IND",2022,08/12/2022,WAS,IND,Away,W,28,6,2,5,40,2,4,50,0,0,0,0,1,1,6,0,0,1,1,7
"Aug 14, 2022 - WAS vs. IND",2022,08/14/2022,WAS,IND,Home,W,14,10,2,3,66.7,1,2,50,5,6,83.3,0,1,1,0,0,0,2,0,5
"May 19, 2023 - WAS vs. NYL",2023,05/19/2023,WAS,NYL,Home,W,32,14,6,14,42.9,1,6,16.7,1,1,100,0,6,6,6,1,2,3,3,11
"May 21, 2023 - WAS @ CON",2023,05/21/2023,WAS,CON,Away,L,33,13,4,10,40,0,3,0,5,5,100,1,2,3,6,2,1,3,3,-5
"May 23, 2023 - WAS vs. CON",2023,05/23/2023,WAS,CON,Home,L,34,9,3,10,30,1,5,20,2,3,66.7,0,1,1,3,0,0,4,2,-8
"May 26, 2023 - WAS @ CHI",2023,05/26/2023,WAS,CHI,Away,W,29,1,0,4,0,0,0,0,1,2,50,1,0,1,7,1,0,3,3,-3
"Jun 02, 2023 - WAS vs. DAL",2023,06/02/2023,WAS,DAL,Home,W,30,10,2,8,25,0,2,0,6,6,100,0,4,4,8,1,0,4,2,16
"Jun 03, 2023 - WAS vs. MIN",2023,06/03/2023,WAS,MIN,Home,L,35,14,5,12,41.7,2,7,28.6,2,3,66.7,0,2,2,9,2,0,0,1,-4
"Jun 09, 2023 - WAS @ SEA",2023,06/09/2023,WAS,SEA,Away,W,30,7,2,6,33.3,1,2,50,2,2,100,0,3,3,4,0,0,0,1,5
"Jun 11, 2023 - WAS @ SEA",2023,06/11/2023,WAS,SEA,Away,W,30,19,5,9,55.6,4,6,66.7,5,5,100,0,4,4,5,0,0,4,5,0
"Jun 13, 2023 - WAS @ IND",2023,06/13/2023,WAS,IND,Away,L,24,7,1,5,20,0,0,0,5,6,83.3,0,5,5,5,1,0,2,0,-4
"Jun 18, 2023 - WAS vs. CHI",2023,06/18/2023,WAS,CHI,Home,W,32,2,1,2,50,0,0,0,0,0,0,0,3,3,5,1,0,1,2,0
"Jun 22, 2023 - WAS @ CHI",2023,06/22/2023,WAS,CHI,Away,W,30,16,6,12,50,1,5,20,3,3,100,0,3,3,3,1,0,2,3,17
"Jun 25, 2023 - WAS @ NYL",2023,06/25/2023,WAS,NYL,Away,L,38,23,6,12,50,1,5,20,10,11,90.9,0,6,6,11,2,0,1,1,2
"Jun 28, 2023 - WAS vs. ATL",2023,06/28/2023,WAS,ATL,Home,W,30,8,3,8,37.5,2,3,66.7,0,0,0,0,4,4,7,1,0,2,2,12
"Jun 30, 2023 - WAS @ ATL",2023,06/30/2023,WAS,ATL,Away,L,36,15,4,12,33.3,0,4,0,7,9,77.8,0,3,3,6,1,1,5,1,-11
"Jul 02, 2023 - WAS @ DAL",2023,07/02/2023,WAS,DAL,Away,L,30,7,3,11,27.3,0,4,0,1,1,100,0,3,3,6,0,0,3,4,-7
"Jul 11, 2023 - WAS vs. SEA",2023,07/11/2023,WAS,SEA,Home,W,28,9,2,6,33.3,1,3,33.3,4,4,100,0,2,2,8,1,0,5,2,6
"Jul 19, 2023 - WAS vs. IND",2023,07/19/2023,WAS,IND,Home,L,34,19,7,18,38.9,2,8,25,3,3,100,0,5,5,5,3,1,1,1,-4
"Jul 21, 2023 - WAS vs. NYL",2023,07/21/2023,WAS,NYL,Home,L,38,17,6,17,35.3,1,4,25,4,4,100,0,4,4,5,2,0,3,3,-8
"Jul 23, 2023 - WAS vs. PHO",2023,07/23/2023,WAS,PHO,Home,W,32,23,7,11,63.6,2,5,40,7,8,87.5,0,4,4,9,3,2,2,1,22
"Jul 26, 2023 - WAS @ MIN",2023,07/26/2023,WAS,MIN,Away,L,36,24,10,21,47.6,3,7,42.9,1,1,100,0,0,0,6,1,0,2,3,-5
"Jul 28, 2023 - WAS @ DAL",2023,07/28/2023,WAS,DAL,Away,L,30,11,3,13,23.1,0,4,0,5,5,100,0,4,4,3,2,0,4,3,-20
"Jul 30, 2023 - WAS @ ATL",2023,07/30/2023,WAS,ATL,Away,L,31,7,2,11,18.2,1,3,33.3,2,2,100,0,4,4,4,2,0,2,4,-7
"Aug 04, 2023 - WAS vs. LAS",2023,08/04/2023,WAS,LAS,Home,W,32,10,3,9,33.3,0,1,0,4,4,100,0,1,1,6,2,0,3,3,-3
"Aug 06, 2023 - WAS vs. LAS",2023,08/06/2023,WAS,LAS,Home,L,35,13,6,12,50,0,1,0,1,1,100,1,5,6,7,3,0,5,4,-3
"Aug 08, 2023 - WAS @ PHO",2023,08/08/2023,WAS,PHO,Away,L,32,7,3,11,27.3,0,4,0,1,1,100,0,4,4,4,1,0,2,2,-17
"Aug 11, 2023 - WAS @ LVA",2023,08/11/2023,WAS,LVA,Away,L,34,21,7,17,41.2,4,9,44.4,3,3,100,0,4,4,6,0,0,2,1,-20
"Aug 13, 2023 - WAS vs. CHI",2023,08/13/2023,WAS,CHI,Home,W,34,4,0,9,0,0,4,0,4,4,100,0,6,6,6,2,0,4,5,7
"Aug 18, 2023 - WAS @ IND",2023,08/18/2023,WAS,IND,Away,W,33,16,4,10,40,2,5,40,6,8,75,0,5,5,3,1,1,0,0,5
"Aug 20, 2023 - WAS vs. DAL",2023,08/20/2023,WAS,DAL,Home,L,29,22,7,17,41.2,4,9,44.4,4,5,80,0,1,1,3,1,0,4,6,-16
"Aug 22, 2023 - WAS vs. CON",2023,08/22/2023,WAS,CON,Home,L,34,19,6,12,50,2,4,50,5,5,100,1,3,4,5,1,0,2,4,-7
"Aug 26, 2023 - WAS vs. LVA",2023,08/26/2023,WAS,LVA,Home,W,34,7,3,11,27.3,1,6,16.7,0,0,0,1,4,5,9,0,0,1,2,16
"Aug 29, 2023 - WAS vs. MIN",2023,08/29/2023,WAS,MIN,Home,W,30,12,2,13,15.4,2,7,28.6,6,8,75,2,3,5,9,0,0,3,5,18
"Aug 31, 2023 - WAS @ LVA",2023,08/31/2023,WAS,LVA,Away,L,32,12,5,14,35.7,0,4,0,2,2,100,0,1,1,5,0,0,3,2,-11
"Sep 03, 2023 - WAS @ LAS",2023,09/03/2023,WAS,LAS,Away,L,40,7,2,5,40,1,1,100,2,3,66.7,0,6,6,5,0,0,3,4,-8
"Sep 05, 2023 - WAS @ PHO",2023,09/05/2023,WAS,PHO,Away,W,33,20,6,8,75,3,4,75,5,5,100,0,5,5,10,0,0,3,2,21
"Sep 08, 2023 - WAS vs. ATL",2023,09/08/2023,WAS,ATL,Home,L,35,7,1,5,20,1,2,50,4,4,100,1,4,5,15,0,1,2,2,9
"Sep 10, 2023 - WAS @ NYL",2023,09/10/2023,WAS,NYL,Away,W,30,17,6,10,60,2,4,50,3,3,100,0,6,6,5,0,1,2,3,-2
"May 14, 2024 - PHO @ LVA",2024,05/14/2024,PHO,LVA,Away,L,34,14,5,15,33.3,1,6,16.7,3,3,100,1,7,8,7,1,0,4,1,-11
"May 18, 2024 - PHO vs. ATL",2024,05/18/2024,PHO,ATL,Home,W,31,7,2,6,33.3,0,0,0,3,4,75,1,1,2,5,2,1,1,5,2
"May 21, 2024 - PHO @ LVA",2024,05/21/2024,PHO,LVA,Away,W,30,11,4,10,40,1,2,50,2,3,66.7,0,7,7,10,1,1,2,2,13
"May 23, 2024 - PHO vs. WAS",2024,05/23/2024,PHO,WAS,Home,W,36,14,3,6,50,0,2,0,8,10,80,1,4,5,10,3,0,8,4,5
"May 25, 2024 - PHO vs. DAL",2024,05/25/2024,PHO,DAL,Home,L,36,9,3,10,30,0,5,0,3,3,100,2,2,4,12,3,0,4,3,-3
"May 28, 2024 - PHO @ CON",2024,05/28/2024,PHO,CON,Away,L,28,9,3,8,37.5,0,3,0,3,4,75,1,3,4,3,2,1,6,2,-20
"May 29, 2024 - PHO @ NYL",2024,05/29/2024,PHO,NYL,Away,L,35,21,9,17,52.9,3,7,42.9,0,1,0,0,2,2,3,1,1,2,4,-6
"May 31, 2024 - PHO @ MIN",2024,05/31/2024,PHO,MIN,Away,L,30,5,2,7,28.6,0,2,0,1,2,50,1,5,6,7,0,0,4,3,-15
"Jun 02, 2024 - PHO vs. LAS",2024,06/02/2024,PHO,LAS,Home,W,35,21,7,16,43.8,3,5,60,4,7,57.1,0,3,3,12,2,2,2,2,22
"Jun 04, 2024 - PHO @ SEA",2024,06/04/2024,PHO,SEA,Away,L,37,10,4,13,30.8,0,3,0,2,2,100,0,6,6,5,4,1,5,3,-14
"Jun 07, 2024 - PHO vs. MIN",2024,06/07/2024,PHO,MIN,Home,W,34,8,2,6,33.3,1,2,50,3,4,75,0,6,6,10,0,1,3,4,3
"Jun 09, 2024 - PHO @ DAL",2024,06/09/2024,PHO,DAL,Away,W,44,7,2,6,33.3,1,2,50,2,2,100,0,4,4,7,3,0,6,4,-2
"Jun 13, 2024 - PHO vs. LVA",2024,06/13/2024,PHO,LVA,Home,L,35,8,4,9,44.4,0,3,0,0,0,0,2,1,3,6,1,1,1,2,4
"Jun 16, 2024 - PHO vs. SEA",2024,06/16/2024,PHO,SEA,Home,W,31,3,0,3,0,0,1,0,3,4,75,0,5,5,8,0,0,2,6,6
"Jun 18, 2024 - PHO vs. NYL",2024,06/18/2024,PHO,NYL,Home,W,33,11,5,10,50,1,3,33.3,0,0,0,1,3,4,4,1,0,5,2,-3
"Jun 22, 2024 - PHO @ MIN",2024,06/22/2024,PHO,MIN,Away,L,34,14,6,15,40,1,6,16.7,1,1,100,0,2,2,5,1,2,2,1,-12
"Jun 28, 2024 - PHO vs. LAS",2024,06/28/2024,PHO,LAS,Home,W,33,14,5,8,62.5,0,0,0,4,5,80,0,2,2,7,2,0,3,3,14
"Jun 30, 2024 - PHO vs. IND",2024,06/30/2024,PHO,IND,Home,L,33,15,5,12,41.7,2,4,50,3,4,75,0,5,5,7,4,0,0,4,-3
"Jul 01, 2024 - PHO vs. CON",2024,07/01/2024,PHO,CON,Home,L,37,18,5,12,41.7,1,5,20,7,7,100,0,4,4,10,2,0,4,4,-7
"Jul 03, 2024 - PHO @ DAL",2024,07/03/2024,PHO,DAL,Away,W,30,11,3,7,42.9,1,3,33.3,4,5,80,0,2,2,10,2,0,1,4,16
"Jul 07, 2024 - PHO @ LAS",2024,07/07/2024,PHO,LAS,Away,W,37,31,10,16,62.5,4,6,66.7,7,7,100,1,8,9,5,2,2,6,3,10
"Jul 10, 2024 - PHO vs. DAL",2024,07/10/2024,PHO,DAL,Home,W,35,14,4,7,57.1,2,5,40,4,4,100,0,3,3,6,1,0,6,2,6
"Jul 14, 2024 - PHO @ CON",2024,07/14/2024,PHO,CON,Away,L,31,10,4,10,40,1,5,20,1,2,50,0,0,0,6,1,3,2,4,-17
"Jul 16, 2024 - PHO @ WAS",2024,07/16/2024,PHO,WAS,Away,W,36,12,5,10,50,1,1,100,1,2,50,2,7,9,10,2,2,1,2,5
"Aug 15, 2024 - PHO @ CHI",2024,08/15/2024,PHO,CHI,Away,W,30,3,1,7,14.3,1,4,25,0,0,0,0,2,2,6,1,0,2,5,18
"Aug 16, 2024 - PHO @ IND",2024,08/16/2024,PHO,IND,Away,L,38,19,7,13,53.8,5,8,62.5,0,0,0,0,2,2,3,3,0,3,1,-9
"Aug 18, 2024 - PHO vs. CHI",2024,08/18/2024,PHO,CHI,Home,W,30,6,2,7,28.6,0,3,0,2,2,100,0,4,4,4,0,2,3,2,16
"Aug 21, 2024 - PHO @ ATL",2024,08/21/2024,PHO,ATL,Away,L,38,6,2,8,25,1,3,33.3,1,1,100,0,8,8,2,1,0,2,1,-12
"Aug 23, 2024 - PHO @ ATL",2024,08/23/2024,PHO,ATL,Away,W,30,4,2,9,22.2,0,2,0,0,0,0,0,5,5,7,1,0,4,4,-3
"Aug 26, 2024 - PHO vs. NYL",2024,08/26/2024,PHO,NYL,Home,L,35,18,7,13,53.8,4,6,66.7,0,0,0,2,4,6,7,1,0,6,1,-18
"Aug 28, 2024 - PHO vs. MIN",2024,08/28/2024,PHO,MIN,Home,L,36,12,5,16,31.3,2,5,40,0,0,0,1,2,3,8,0,2,3,1,-13
"Sep 01, 2024 - PHO vs. LVA",2024,09/01/2024,PHO,LVA,Home,L,38,5,2,12,16.7,1,5,20,0,0,0,1,1,2,6,0,0,2,1,-18
"Sep 05, 2024 - PHO vs. WAS",2024,09/05/2024,PHO,WAS,Home,L,28,13,3,10,30,2,6,33.3,5,5,100,0,1,1,5,0,0,3,1,-10
"Sep 07, 2024 - PHO @ SEA",2024,09/07/2024,PHO,SEA,Away,L,28,3,1,4,25,1,3,33.3,0,0,0,0,3,3,6,1,0,1,1,-22
"Sep 13, 2024 - PHO vs. CON",2024,09/13/2024,PHO,CON,Home,L,35,17,7,18,38.9,1,8,12.5,2,2,100,0,4,4,7,1,1,2,4,-19
"Sep 15, 2024 - PHO @ CHI",2024,09/15/2024,PHO,CHI,Away,W,36,18,6,10,60,2,4,50,4,6,66.7,0,4,4,11,1,0,2,1,13
"Sep 17, 2024 - PHO @ LAS",2024,09/17/2024,PHO,LAS,Away,W,34,13,4,12,33.3,0,3,0,5,5,100,1,1,2,12,2,0,1,4,9
"Sep 19, 2024 - PHO vs. SEA",2024,09/19/2024,PHO,SEA,Home,L,20,4,1,5,20,0,2,0,2,2,100,0,3,3,4,1,0,1,1,-11
"May 17, 2025 - NYL vs. LVA",2025,05/17/2025,NYL,LVA,Home,W,33,22,8,17,47.1,1,4,25,5,6,83.3,0,6,6,9,3,2,2,4,9
"May 22, 2025 - NYL @ CHI",2025,05/22/2025,NYL,CHI,Away,W,27,18,6,10,60,4,5,80,2,2,100,0,4,4,8,0,0,2,3,27
"May 24, 2025 - NYL @ IND",2025,05/24/2025,NYL,IND,Away,W,35,16,6,9,66.7,2,5,40,2,2,100,1,6,7,6,5,2,3,3,13
"May 27, 2025 - NYL vs. GSV",2025,05/27/2025,NYL,GSV,Home,W,25,5,2,9,22.2,1,6,16.7,0,0,0,0,3,3,10,1,0,2,3,20
"May 29, 2025 - NYL vs. GSV",2025,05/29/2025,NYL,GSV,Home,W,30,7,2,8,25,1,7,14.3,2,2,100,0,5,5,5,2,1,1,4,14
"May 30, 2025 - NYL @ WAS",2025,05/30/2025,NYL,WAS,Away,W,22,0,0,1,0,0,0,0,0,0,0,0,2,2,3,0,0,1,2,13
"Jun 01, 2025 - NYL vs. CON",2025,06/01/2025,NYL,CON,Home,W,21,8,3,3,100,2,2,100,0,0,0,0,2,2,7,1,0,1,1,44
"Jun 05, 2025 - NYL @ WAS",2025,06/05/2025,NYL,WAS,Away,W,30,4,1,4,25,0,2,0,2,2,100,0,2,2,5,3,0,4,5,10
"Jun 10, 2025 - NYL vs. CHI",2025,06/10/2025,NYL,CHI,Home,W,19,5,2,8,25,1,5,20,0,0,0,1,2,3,3,2,1,2,3,14
"Jun 14, 2025 - NYL @ IND",2025,06/14/2025,NYL,IND,Away,L,31,5,1,8,12.5,0,4,0,3,4,75,1,5,6,5,1,0,2,4,-19
"Jun 17, 2025 - NYL vs. ATL",2025,06/17/2025,NYL,ATL,Home,W,29,7,2,7,28.6,0,1,0,3,3,100,0,1,1,5,1,0,1,3,-4
"Jun 19, 2025 - NYL vs. PHX",2025,06/19/2025,NYL,PHX,Home,L,33,8,3,8,37.5,2,5,40,0,0,0,1,2,3,10,0,0,0,5,-2
"Jun 22, 2025 - NYL @ SEA",2025,06/22/2025,NYL,SEA,Away,L,34,5,2,7,28.6,1,4,25,0,0,0,2,3,5,8,2,0,6,1,-16
"Jun 25, 2025 - NYL @ GSV",2025,06/25/2025,NYL,GSV,Away,W,27,2,1,8,12.5,0,6,0,0,0,0,0,3,3,7,1,0,3,4,-7
"Jun 27, 2025 - NYL @ PHX",2025,06/27/2025,NYL,PHX,Away,L,30,14,5,11,45.5,0,1,0,4,4,100,1,3,4,7,1,0,1,2,-16
"Jun 29, 2025 - NYL @ ATL",2025,06/29/2025,NYL,ATL,Away,L,34,20,8,12,66.7,2,3,66.7,2,2,100,0,4,4,6,1,0,2,2,-8
"Jul 03, 2025 - NYL vs. LAS",2025,07/03/2025,NYL,LAS,Home,W,33,23,7,12,58.3,3,6,50,6,6,100,1,3,4,7,1,0,2,4,18
"Jul 06, 2025 - NYL vs. SEA",2025,07/06/2025,NYL,SEA,Home,L,22,12,4,8,50,2,3,66.7,2,2,100,0,3,3,1,0,0,0,3,-13
"Jul 13, 2025 - NYL vs. ATL",2025,07/13/2025,NYL,ATL,Home,W,27,2,1,5,20,0,2,0,0,0,0,0,1,1,4,2,0,1,2,-1
"Jul 16, 2025 - NYL vs. IND",2025,07/16/2025,NYL,IND,Home,W,26,14,6,11,54.5,2,5,40,0,0,0,0,5,5,3,0,0,1,2,28
"Jul 22, 2025 - NYL vs. IND",2025,07/22/2025,NYL,IND,Home,W,26,10,3,5,60,2,2,100,2,2,100,0,3,3,4,2,0,3,4,2
"Jul 25, 2025 - NYL vs. PHX",2025,07/25/2025,NYL,PHX,Home,W,29,10,2,7,28.6,1,4,25,5,6,83.3,0,4,4,3,1,1,1,4,20
"Jul 26, 2025 - NYL vs. LAS",2025,07/26/2025,NYL,LAS,Home,L,34,22,8,15,53.3,3,7,42.9,3,3,100,0,3,3,9,1,2,1,3,-5
"Jul 28, 2025 - NYL @ DAL",2025,07/28/2025,NYL,DAL,Away,L,33,4,2,6,33.3,0,2,0,0,0,0,0,3,3,8,1,0,0,5,3
"Jul 30, 2025 - NYL @ MIN",2025,07/30/2025,NYL,MIN,Away,L,32,12,4,10,40,1,2,50,3,4,75,1,3,4,7,2,0,0,2,-1
"Aug 01, 2025 - NYL @ CON",2025,08/01/2025,NYL,CON,Away,L,31,7,3,8,37.5,1,3,33.3,0,0,0,1,1,2,3,2,0,2,4,-11
"Aug 03, 2025 - NYL @ CON",2025,08/03/2025,NYL,CON,Away,W,30,3,1,7,14.3,1,3,33.3,0,0,0,0,5,5,4,0,0,4,4,7
"Aug 05, 2025 - NYL vs. DAL",2025,08/05/2025,NYL,DAL,Home,W,31,12,5,9,55.6,1,2,50,1,2,50,0,4,4,6,0,0,4,1,4
"Aug 08, 2025 - NYL @ DAL",2025,08/08/2025,NYL,DAL,Away,W,30,10,4,7,57.1,2,4,50,0,0,0,0,3,3,3,1,0,0,5,8
"Aug 10, 2025 - NYL vs. MIN",2025,08/10/2025,NYL,MIN,Home,L,30,14,6,11,54.5,2,6,33.3,0,0,0,0,6,6,5,0,0,2,1,2
"Aug 12, 2025 - NYL @ LAS",2025,08/12/2025,NYL,LAS,Away,W,32,11,5,10,50,1,2,50,0,0,0,0,2,2,2,2,0,1,3,-4
"Aug 13, 2025 - NYL @ LVA",2025,08/13/2025,NYL,LVA,Away,L,32,6,3,9,33.3,0,3,0,0,0,0,1,4,5,4,0,1,2,1,-1
"Aug 16, 2025 - NYL @ MIN",2025,08/16/2025,NYL,MIN,Away,L,28,10,4,8,50,0,2,0,2,2,100,0,4,4,6,1,0,1,5,-4
"Aug 19, 2025 - NYL vs. MIN",2025,08/19/2025,NYL,MIN,Home,W,27,10,4,9,44.4,2,5,40,0,2,0,0,5,5,2,2,0,2,2,8
"Aug 21, 2025 - NYL vs. CHI",2025,08/21/2025,NYL,CHI,Home,L,27,14,5,13,38.5,2,7,28.6,2,3,66.7,1,3,4,5,2,0,2,5,-5
"Aug 23, 2025 - NYL @ ATL",2025,08/23/2025,NYL,ATL,Away,L,25,7,2,6,33.3,0,2,0,3,4,75,0,3,3,1,2,1,3,1,-19
"Aug 30, 2025 - NYL @ PHX",2025,08/30/2025,NYL,PHX,Away,L,31,13,5,10,50,3,6,50,0,0,0,1,3,4,4,0,0,2,1,-14
"Sep 02, 2025 - NYL @ GSV",2025,09/02/2025,NYL,GSV,Away,L,36,19,6,13,46.2,3,7,42.9,4,4,100,1,4,5,4,2,0,3,3,-12
"Sep 05, 2025 - NYL @ SEA",2025,09/05/2025,NYL,SEA,Away,W,31,10,4,6,66.7,2,4,50,0,0,0,0,7,7,6,0,3,2,2,0
"Sep 09, 2025 - NYL vs. WAS",2025,09/09/2025,NYL,WAS,Home,W,30,11,4,9,44.4,1,3,33.3,2,2,100,0,1,1,5,0,0,3,3,16
"Sep 11, 2025 - NYL @ CHI",2025,09/11/2025,NYL,CHI,Away,W,19,2,1,5,20,0,2,0,0,0,0,0,1,1,1,1,0,2,0,9